question,lecture_key,answer_timestamps,answer_text,question_type
What is active transport?,anat-1/AnatomyPhysiology/01,31.2-39.8 | 49.3-56.0,"Active transport is the movement of substances into or out of a cell that utilize energy or ATP",definition
What is the resting membrane potential?,anat-1/AnatomyPhysiology/01,1369.5-1380.5,"The resting membrane potential is the difference in electrical charge between the outside and inside of a plasma membrane. The inside of a cell is usually more negative than the outside. The membrane voltages can range from -50 to -100 mV in varying cells.",definition 
What is pinocytosis?,anat-1/AnatomyPhysiology/01,1002.2-1009.7 | 1016.5-1021.3,"Pinocytosis is a type of endocytosis often called "cell drinking" that brings extracellular fluid and dissolved solutes inside the cell.",definition
How does the primary active transport move solutes across the membrane?,anat-1/AnatomyPhysiology/01,175.3-189.4,"In primary active transport, ATP is hydrolyzed and the released energy changes the shape of a tranposrt protein resulting in the solutes bounded to that protein to be pumped across the membrane.",mechanism
What are the two types of active membrane transport processes discussed in this lecture?,anat-1/AnatomyPhysiology/01,41.5-49.1, "The two major active membrane transport processes discussed in this lecture are active transport and vesicular transport.",classification
What are the three types of endocytosis and describe their functions,anat-1/AnatomyPhysiology/01,677.9-683.0 | 1002.2 - 1021.3 | 1086.5-1107.9,"The three types of endocytosis are phagocytosis, pinocytosis, and receptor-mediated endocytosis. Phagocytosis englufs solid particles into a vesicle called a phagosome. Pinocytosis brings extracellular fluid and dissolved solutes into the cell. Receptor-mediated endocytosis selectively brings specific molecules into the cell after they bind to membrane receptors",classification
Why is energy required during active transport?,anat-1/AnatomyPhysiology/01,137.9-147.7 | 148.2-150.4,"Energy, or ATP, is required during active transport because the solutes are being moved against their concentration gradients, from areas of low concentration to areas of high concentration",cause_effect
What does the sodium-pottasium pump do?,anat-1/AnatomyPhysiology/01,202.0-213.1 | 289.1-301.3,"The sodium-pottasium pump is essentially an enzyme that maintains electrochemical gradient involving both ion concentration and electrical charge which is essential for muscles and nerves to function properly",function
What are the main steps of exocytosis?,anat-1/AnatomyPhysiology/01,1186.9-1194.6 | 1287.1-1334.5,"A vesicle that carries a v-SNARE finds a matching t-SNARE on the membrane, the proteins bind and help the vesicle and plasma membrane fuse. This causes a pore to open and the vesicle releases its contents outside the cell.",process
What is the main idea of vesicular transport?,anat-1/AnatomyPhysiology/01,647.5-1178.8,"Vesicular transport moves large molecules, particles, and fluids across membranes in vesicles, including processes such as endocytosis, exocytosis, transcytorsis, and vesicular trafficking",summary
How can I request a exam review for this chapter,anat-1/AnatomyPhysiology/01,15.2-23.4,"Students can request an exam review by sending an email or leaving a comment.",logistics
What should I watch next?,anat-1/AnatomyPhysiology/01,1696.7-1709.2,"This lecture ends with Part B of Chapter 3. The next lecture is Part C, which will be posted within the next 24 hours.",course_specific
What is learning?,psy-1/LectureSeriesForIntrotoPsy-PSY101/1,43.0-47.1,"Learning is defined as a relatively permanent change in behavior due to experience.",definition
What is a phobia and how is it different from a fear?,psy-1/LectureSeriesForIntrotoPsy-PSY101/1, 869.7-875.1 | 903.3-914.1 | 1125.7-1145.7,"A phobia is an unrealistic fear that exists specifically when there is no danger. Ordinary fear stems from a sense of realism and protection. But, a phobia can occur when a person knows that the fear is unrealistic resulting in a strong reaction.",definition
What was the example given about learning from experience?,psy-1/LectureSeriesForIntrotoPsy-PSY101/1,51.0-84.0,"The example was a child learning not to touch a hot stove. Initially, the child just being told that the stove is hot does not change their behavior, but after touching the stove and feeling the heat, the child learns from that expeirence not to touch the stove again. Clearly, identiyfing tht learning is a relatively permanent change in behavior caused by experience",mechanism
How does extinction happen in classical condition?,psy-1/LectureSeriesForIntrotoPsy-PSY101/1,779.8-808.0,"Extinction occurs when a conditioned stimulus is presented without the unconditioned stimulus enough so that the learned connection slowly fades over time resulting in the conditioned response to fade as well.",mechanism
Why did Pavlov's dogs begin drooling before receiving food?,psy-1/LectureSeriesForIntrotoPsy-PSY101/1,416.0-459.5,"Pavlov's dogs began drooling before receiving food because they learned to associate the actions of presenting food or leading them to the feeding area with the action of eating. This learned association was what triggered the drooling before the food was even given to them.",cause_effect
What function do secondary reinforcers serve?,psy-1/LectureSeriesForIntrotoPsy-PSY101/1,2883.5- 2893.0 | 2913.0-2937.1 | 3056.2-3081.8,"A secondary reinforcer, like a gold star or money, function as tokens that can be used in exchange for primary reinforcers. These secondary reinforcers indicate accessibility to primary reinforcers like food, water, sex, pleasure, etc.",function
What do consequences do in operant conditoning?,psy-1/LectureSeriesForIntrotoPsy-PSY101/1,242.4-249.6 | 1438.1-1449.7 | 1523.3-1535.9,"The key function of consequences in operant conditioning is that they guide future behavior. After a behvaior occurs, the consequence changes the likelihood of the behavior occuring again.",function
What are all the differences between classical and operant conditioning?,psy-1/LectureSeriesForIntrotoPsy-PSY101/1,232.2-252.9 | 261.1-283.6 | 284.7-310.1 | 1436.0-1449.7,"Classical and operant conditioning both focus on events and behaviors. Classical conditioning focuses on events that occur before behaviors depending on reflexive or automatic responses. On the other hand, operant conditioning focuses on behavior due to consequence, where the consequences affect whether or not that behavior will occur again.",summary
Will these videos be on an exam?,psy-1/LectureSeriesForIntrotoPsy-PSY101/1,22.3-29.5,"No the videos are not required for the exam. These videos are used to help students see the material in a different way and help understand the reccuring concepts.",logistics
Why does the bell make the dog drool?,psy-1/LectureSeriesForIntrotoPsy-PSY101/1,562.4-580.4 | 582.5-600.5 | 615.4-632.2 | 650.7-662.3,"The bell is a neutral stimulus which is paired with food. After repeated exposure the dog learns to associate the bell with food, making the dog drool once it hears just the sound of the bell becoming a conditioned stimulus.",process
What should I do if I have a question?,psy-1/LectureSeriesForIntrotoPsy-PSY101/1,3090.7-3097.0,"Students are encouraged to reach out to the instructor by email before the next class meeting.",course_specific
What's a hypothesis?,bio-3/Biol1020/01,359.8-368.9 | 379.0-386.3,"A hypothesis is a proposed explanation for specific observations. They are often described as 'scientific guesses' formed by using logic and scientific reasoning.",definition
Can you define correlation?,bio-3/Biol1020/01,2719.0-2725.8,"A correlation is any relationship between two factors or between two variables.",definition
Why don't we just have a cure for the common cold by now?,bio-3/Biol1020/01,1841.8-1900.4 | 4087.2-4101.6," Over 200 different viruses are known to cause the common cold. With so many different causes, creating a single cure or vaccine is very unlikely in the near future and scientistis are more focused on prevention.",cause_effect
What are we supposed to do with the learning outcomes while going through all this?,bio-3/Biol1020/01,163.6-179.2,"Students are expected to pause and review the learning outcomes, then recognize them as they come up while going through the notes, lecture, and chapter reading.",course_specific
So overall what counts as good science?,bio-3/Biol1020/01,4034.1-4066.5,"Good science follows the scientific method and uses hypotheses that can be tested and produce repeatable results. It is typically peer reviewed, published for others to examine, and stays open to change when new evidence and discoveries become available.",summary
What's the difference from noticing something to testing it scientifically?,bio-3/Biol1020/01,344.0-356.2 | 391.5-405.1,"The process begins with observations, which lead to questions. Scientists then propose hypotheses, test those ideas, and discard or modify them based on the results.",mechanism
What does 'theory' actually mean?,bio-3/Biol1020/01,656.2-678.1 | 895.9-907.8,"A scientific theory is a broad explanation for many related observations. It is built from well-supported hypotheses, has stood the test of time, and is supported by multiple independent lines of research.",definition
How does a virus even spread in your body?,bio-3/Biol1020/01,1684.2-1692.1 | 1697.2-1701.9 | 1710.6-1743.6,"A virus usually contains genetic material inside a protein coat. It enters a host cell or gets its genetic material into the cell, becomes part of the host cell's machinery, and causes the cell to make viral proteins and new viruses. Those viruses are then released to infect other cells in the body.",mechanism
Why is your body usually better the second time you get exposed?,bio-3/Biol1020/01,1796.2-1824.4,"After recovery from a virus infection, the immune system retains cells that recognize that virus's proteins. If the virus enters again, the body can recognize it much faster and launch an immune attack before the infection becomes noticeable. That faster recognition and response is immunity.",mechanism
What are the two kinds of data and whats the differences?,bio-3/Biol1020/01,1937.2-1955.8 | 1957.3-1971.6 | 1973.3-1982.5,"The two main kinds of data described are qualitative and quantitative data. Qualitative data consist of descriptive observations rather than measurements, while quantitative data consist of numbers that are often organized into graphs and tables.",classification
What organisms do scientists usually test stuff on if they can't test humans?,bio-3/Biol1020/01,2693.8-2717.0,"Suggested model organisms include bacteria, fruit flies, nematodes, other mammals such as rodents, dogs, and pigs, and even human cells. They are used when direct testing on humans would be impractical or unethical.",classification
Why did people stop thinking ulcers were just from spicy food and acid?,bio-3/Biol1020/01,760.3-766.3 | 769.5-809.5 | 842.3-868.1,"Scientists moved away from the old idea because ulcer treatments based on acid reduction were rarely successful, while Warren and Marshall observed H. pylori in nearly all ulcer tissues and developed a testable hypothesis that the bacteria caused most ulcers. Repeated testing supported the bacterial explanation, and the earlier spicy-food explanation was not consistently supported.",cause_effect
What's peer review supposed to do?,bio-3/Biol1020/01,3861.9-3885.5,"Peer review allows other scientists, especially experts in the field, to critique research before it is published. Its function is to increase confidence in the results and conclusions by subjecting them to expert evaluation.",function
If your flashlight stops working how would you test whether it's just the batteries?,bio-3/Biol1020/01,2018.2-2029.1 | 2034.5-2051.2,"First, propose the hypothesis that the batteries are dead. Then replace the batteries and test the flashlight by turning it on. If it still does not work, that result falsifies the dead-battery hypothesis.",process
What is key for the review slides?,bio-3/Biol1020/01,163.6-171.1 | 3090.8-3095.2,"Students are told to pause the video and look over the material being shown. They are also encouraged to read through the displayed table or checklist before moving on.",logistics
What is self-attention?,ml-1/MultimodalMachineLearning/10,46.5-53.5 | 395.1-421.3,"Self-attention is a mechanic which allows elements in a sequence to determine how relevant they are to each other. A widely used form of self-attention is the Transformer.",definition
How are attention scores computed in Transformer self-attention?,ml-1/MultimodalMachineLearning/10,786.1-817.1 | 835.7-917.0 | 1052.7 - 1071.5,"Transformer self-attention first projects each input into queries, keys, and values. It then compares a query with the keys using a similarity score. For scaled dot-product attention you project both and take the resulting dot product to produce a scalar attention score.",mechanism
What was the simple approach for encoding position information?,ml-1/MultimodalMachineLearning/10,1650.9-1658.3 | 1695.1-1730.5,"The simplest approach for encoding position information is using one-hot encoding or one-hot encoding with a linear projection and concatenation.",process
Why use transformer self-attention over other approaches?,ml-1/MultimodalMachineLearning/10,212.0 - 238.7 | 280.6-300.7 | 383.6 - 391.2 | 358.9-390.6 | 1467.7-1485.3,"There are several reasons for using transformer self attention over other approaches. Transformer self attention allows for parallelization and captures long-range dependencies. It gives each word a representation based on all the other words within context. In comparison to other approaches such as reccurrent models it is less sequential, and compared to convolutions it can model broader context but at the cost of a large number of parameters",summary
I don't understand what the queries do?,ml-1/MultimodalMachineLearning/10,1152.0-1161.1 | 1170.9-1183.3 | 2225.6-2233.2,"Queries are described as what the model is trying to encode or retrieve at a given position. They are used to compare against keys, which provide the context, so that the model can decide or attend do which other words are most relevant for forming new representations.",function
Can you reexplain BERT?,ml-1/MultimodalMachineLearning/10,3100.9-3105.5 | 3291.1-3298.1 | 3412.7-3417.5,"BERT or Bidirectional Encoder Representations from Transformers, is a type of transformer model that learns representations such as masked language modeling and next sentence prediction. BERT captries both token-level and sentence-level information by using context from both directions and can be later finetuned for downstream tasks.",summary
Why can self-attention lose information and how do they fix that?,ml-1/MultimodalMachineLearning/10,1584.4-1615.2 | 1637.5-1658.3 | 1812.5-1841.1,"Self attention can lose word-order infromation because without the structure it can behave like a bag of words. They fix this issue by encoding position through positional embeddings to the input before applying the Transformer architecture",cause_effect
What is an encoder vs decoder transformer?,ml-1/MultimodalMachineLearning/10,2411.3-2438.2,"The encoder transform is used to process input sequences and produce contextualized embeddings focusing on representation leanring. A decoder transformer generates outputs using masked self-attention to ensure tokens only attend to previous positions focusing on sequence generation",classification
How are tokens generated?,ml-1/MultimodalMachineLearning/10,2034.8-2065.8,"A decoder is used that starts with a start token, processes it through the model, and predicts one token. This loop feeds back into the predict the next token, making generation an iterative process.",process
Why is multi-head attention better?,ml-1/MultimodalMachineLearning/10,1363.3-1377.8 | 1380.8-1393.3 | 1420.7-1444.6 | 1486.2-1491.0,"Multi head self attention improves upon the contextualization by letting the model learn different ways of relating words at once. Heads can focus on patterns such as negation, lexical disambiguation, or coreference. These outputs are then linearly projected to combine into one embedding.",mechanism
What are the next topics going to be covered in this course?,ml-1/MultimodalMachineLearning/10,63.9-73.7 | 67.8-70.7 | 90.6-101.8 | 1225.5-1227.9,"This lecture discusses multimodal contextualized embeddings and pre-training and points ahead to discussing how to extend the application of transformers into multimodal modalities such as computer vision",course_specific
Explain clinical death to me,psy-2/LectureSeriesforIntrotoDevelopmentalPsy/15,88.1-98.5,"Clinical death is defined as a lack of heartbeat and respiration. If a person no longer has a heartbeat and is no longer breathing they would be considered clinically dead",definition
Is clinical death reversible?,psy-2/LectureSeriesforIntrotoDevelopmentalPsy/15,88.1-98.5 | 106.5-117.8,"Clinical death can be reversible, as people can be brought back from it. This is more commonly phrases as 'people coming back from the dead' refer to cases of recovery from clinical death.",cause_effect
What is the main focus of this lecture?,psy-2/LectureSeriesforIntrotoDevelopmentalPsy/15,13.3-34.0 | 82.7-87.7 | 662.1-667.2,"The focus of this lecture is how death is shaped by culture, medical definitions, ethics, and devlopment across the lifespan. It discusses how understanding the concept of deathr requires looking at various aspects such as end-of-life decisions, clinical definitions, and the experiences of gried and mourning",summary
What extra material does the professor assign?,psy-2/LectureSeriesforIntrotoDevelopmentalPsy/15,2131.0-2155.2,"The instructor discusses listening to a podcast about childhood grief. It includes children discussing grief at a grief support group",course_specific
What are the logistics of the course?,psy-2/LectureSeriesforIntrotoDevelopmentalPsy/15,3037.1-3056.7 | 3060.3-3062.9,"Students are reminded to complete the student evaluations, to celebrate and reflect as this is the end of the course, and to prepare for the finale exam. The instructor also mentions that their email address is available if students require any assistance.",logistics
Describe the 5 stages of the grief cycle,psy-2/LectureSeriesforIntrotoDevelopmentalPsy/15,863.0-915.5 | 955.3-960.7 | 965.6-972.4 | 1002.8-1004.1,"The four stages of the grief cycle consist of denial, anger, bargaining, depression, and finally acceptance. Denial usually involves disbelief and difficulty accepting death. Anger spans over feelings of frustation and anxiousness. Bargaining involves people trying to find meaning or asking for more time. Depression is the most common and reflects the feelings of sadness as the loss is processed. Acceptance occurs as a person acknowledges the reality of the death and comes to term with the loss starting the process of moving forward",process
What's a generative model? Why is it used in ml?,ml-1/MultimodalMachineLearning/08,114.6-118.5 | 130.7-134.3 | 146.3-149.6,"Generative models are models that learn the joint distribution between modalities, such as images and text. This joint distribution allows flexibility between the modalities such as generating images from text or text from images.",definition
What is multivariate statistical analysis?,ml-1/MultimodalMachineLearning/08,718.9-722.6 | 727.6-731.7,"Multivariate statistical analysis refers to statistical approaches used to understand relationships in high-dimensional data involving multiple variables. It studies how multiple dimensions or variables interact within a dataset.",definition
What are the examples of multivariate analysis the lecturer gives?,ml-1/MultimodalMachineLearning/08,727.6-731.7 | 740.6-760.7,"The examples of multivariate statistical analysis in this lecture are MANOVA, PCA, Factor Analysis, LDA, and CCA",classification
What's correlation?,ml-1/MultimodalMachineLearning/08,1046.3-1048.1 | 1051.2-1054.7,"Correlation is a normalized version of covariance that measures the extent to which two variables have a linear relationship. It captures how changes in one variable are associated with changes in another.",definition
What's the Pearson Correlation and the formula?,ml-1/MultimodalMachineLearning/08,1048.1-1054.7,"Pearson Correlation measures the extent to which two variabls have a linear relationship with each other. The formula is corr(X,Y) = cov(X,Y) / (var(X)var(Y))",definition
What is the process of applying canonical correlation analysis to multimodal data?,ml-1/MultimodalMachineLearning/08,1854.4-1861.1 | 1900.6-1902.1 | 1924.5-1932.2,"The process involves starting with paired multimodal data, learning projections for each modality, and optimizing these projections so that their outputs are maximally correlated. This typically includes solving an optimization problem under constraints.",process
Give me a rundown of canonical correlation analysis,ml-1/MultimodalMachineLearning/08,2625.9-2627.8 | 2631.6-2636.6,"Canonical correlation analysis is based on the intuition of learning linear projections that maximize correlation between modalities, enforcing unit variance constraints, and identifying multiple orthogonal directions capturing different correlations.",summary
How should I learn more and understand better?,ml-1/MultimodalMachineLearning/08,3013.4-3016.6 | 3620.9-3622.8,"Further learning is encouraged by exploring additional approaches and reading suggested papers, as well as studying alternative statistical methods to deepen understanding of multimodal learning techniques.",logistics
How is this lecture connected to previous topics and next topics?,ml-1/MultimodalMachineLearning/08,9.1-13.0 | 124.1-126.5 | 1690.8-1693.9,"The lecture builds on earlier discussions of joint representations and generative models, and prepares for future topics such as canonical correlation analysis and its extensions. It also revisits prior concepts to ensure continuity in learning.",course_specific
How does cross-modal generation happen?,ml-1/MultimodalMachineLearning/08,132.2-134.3 | 135.2-139.4 | 140.7-143.9,"Generative models enable cross-modal generation by learning the joint distribution between modalities, allowing conditional generation. This means images can be generated conditioned on text and text can be generated conditioned on images.",mechanism
How does covariance explain relationships?,ml-1/MultimodalMachineLearning/08,977.3-984.3,"Covariance measures how two random variables change together. It quantifies whether increases or decreases in one variable are associated with corresponding changes in another variable.",mechanism
How does CCA learn relationships between two text and video?,ml-1/MultimodalMachineLearning/08,1910.9-1914.6 | 1924.5-1930.8 | 2236.8-2242.1,"Canonical correlation analysis learns linear projections of two modalities such that their projected representations are maximally correlated. It finds multiple projection pairs, each capturing different correlated structures between the modalities.",mechanism
Explain all the different random variables?,ml-1/MultimodalMachineLearning/08,779.2-780.9 | 780.9-787.7 | 798.3-802.7,"Random variables are categorized into discrete and continuous types. Discrete variables take countable values such as integers or categories, while continuous variables take values from a continuous range.",classification
Is correlation better than covariance?,ml-1/MultimodalMachineLearning/08,1046.3-1048.1 | 1071.7-1074.5,"Correlation is preferred over covariance because it normalizes covariance, making it scale-invariant. This normalization ensures values lie between -1 and 1, allowing consistent comparison across different variables.",cause_effect
Why does correlation become undefined?,ml-1/MultimodalMachineLearning/08,1204.5-1211.7 | 2852.8-2854.9,"Correlation becomes undefined when there is no variation in one of the variables or when there are too few samples. In such cases, the denominator involving variance becomes zero, making the computation invalid.",cause_effect
What are eigenvalues and eigenvectors?,ml-1/MultimodalMachineLearning/08,1705.1-1710.6 | 1722.7-1731.0,"An eigenvector x of a matrix A satisfies the equation A x = λ x, where λ is the corresponding eigenvalue. This means that when the matrix A is applied to x, the result is just a scaled version of x by the scalar λ.",definition
What is the main goal of CCA?,ml-1/MultimodalMachineLearning/08,1872.6-1876.3 | 2631.6-2635.1,"The goal of canonical correlation analysis is to find projections of two sets of variables such that their representations are maximally correlated. This helps uncover shared structure between modalities.",function
What precautions are recommended for dental patients taking warfarin?,dental/OralMedicineINBDE/9,1583.5-1604.7 | 1605.6-1616.4 | 1641.9-1672.0,"Patients taking warfarin should avoid aspirin and other NSAIDs because they increase bleeding risk, and acetaminophen with or without codeine is preferred for pain control. Metronidazole, erythromycin, and broad-spectrum antibiotics such as herbal supplements and barbibiturates and steroids should be avoided because they can potentiate warfarin, and local hemostatic measures should be used during surgery. Useful local measures include compressive packing, extra sutures with primary closure when possible, tranexamic acid mouthwash, and topical thrombin.",logistics
Why does von Willebrand disease affect both platelets and coagulation?,dental/OralMedicineINBDE/9,416.1-425.1 | 443.3-458.6,"Von Willebrand disease reduces von Willebrand factor (vWF), so platelets cannot adhere well to the vessel wall. Von Willebrand factor also carries factor VIII, so the disorder affects coagulation as well as platelet function.","cause_effect"
How are the phases of hemostastis classified and described,dental/OralMedicineINBDE/9,96.1-149.3,"Hemostasis has four phases: the vascular phase, the platelet phase, coagulation, and the fibrinolytic phase.",classification
What's INR?,dental/OralMedicineINBDE/9,1503.4-1530.1,"INR is described as the international normalized ratio. It is a normalized prothrombin time value used for different lab materials and is used for patients on Warfarin. A smaller INR indicates the clotter, the larger the INR it indicates the bleeder.",definition
How do platelets create a plug?,dental/OralMedicineINBDE/9,286.4-366.3,"Platelets form a primary hemostatic plug when endothelial damage releases von Willebrand factor, binding circuilating platelets through glycoprotein Ib. This binding activates platelets, cuasing them to change shape and release thromboxane A2 and ADP, which in turn recruit and activate more platelets. These activated platelets express the glycoprotein IIb/IIIa, fibrinogen bridges them together, and the aggregation forms the platelet plug.",mechanism
How is the extrinsic coagulation pathway created and carried into the common pathway?,dental/OralMedicineINBDE/9,920.2-955.1,"The extrinsic pathway starts from outside the blood vessel after some external trauma causes blood to escape. The damaged endothelium expresses tissue factor, also called factor III or thromboplastin, which activates factor VII. and then factor X, bringing the cascade into the common pathway.",mechanism
What topic does this video cover and how is it framed for board exam study?,dental/OralMedicineINBDE/9,11.2-18.2 | 23.6-26.0 | 1577.5-1581.1,"This video covers bleeding, clotting, and related concepts in oral medicine. The topic is framed as important both for dental management and because it is a major board exam subject, with INR emphasized as a very large part of the newer board exam.",course_specific
How does hemostasis work after a blood vessel is injured,dental/OralMedicineINBDE/9,92.6-149.3,"After vessel injury, hemostasis begins with vascular constriction to reduce blood flow. Platelets then rush in and form a primary platelet plug. Next, coagulation creates a fibrin mesh that stabilizes the plug, and finally fibrinolysis dissolves the clot once it is no longer needed.",process
What is a newborn screen?,bio-3/Biol1020/08,27.1-62.4,"A newborn screen is a test performed on a newborn's blood to detect genetic disorders whose effects can be prevented with early intervention. A small blood sample is taken from the heel of a baby to check for chemcical compounds outside of normal ranges.",definition
How is the newborn blood screen sample taken and what is done with it after?,bio-3/Biol1020/08,33.4-49.8 | 442.3-457.7,"A newborn blood sample is taken by pricking the baby's heel with a sterile lanclet to collect a blood sample on filter paper. This sample is then send to a clinical lab to analyze for any chemical compounds that are present in high or low concentrations compared to that of a typical healthy newborn.",process
Overall how does meiosis and fertilization allow for diversity?,bio-3/Biol1020/08,1274.7-1297.7 | 1333.5-1367.6,"During meiosis the homologous chromosomes line up randomly introducing diversity, where each gamete gets a unique combination of chromosomes. Fertilization also increases the overall diversity due to the millions of eggs that can be fertilized by hundreds of millions of sperm.",summary
What is this whole lecture about?,bio-3/Biol1020/08,0.4-22.4 | 50.4-62.4 | 524.2-530.2 | 1423.4-1428.9,"The lecture explains how newborn screening can detect serious genetic disorders early enough to improve outcomes, and it uses that topic to introduce core ideas in Mendelian genetics and inheritance.",summary
What core ideas in Mendelian genetics are introduced in this lecture?,bio-3/Biol1020/08,319.5-327.8 | 1225.7-1232.9 | 1274.7-1279.5 | 1660.7-1666.7 | 1725.9-1734.3,"The lecture introduces key Mendelian genetics concepts including recessive inheritance requiring alleles from both parents, the law of segregation, the law of independent assortment, the distinction between genotype and phenotype, and the roles of dominant and recessive alleles in determining traits.",summary
What was Hunter Kelly's disease and result?,bio-3/Biol1020/08,146.5-153.3 | 198.6-205.3,"In Hunter Kelly's case it was too late because he already suffered extensive brain damage by the time the disease was identified. As a result, treatment coudl no longer change his prognosis",cause_effect
Why are new conditions not added to newborn screening?,bio-3/Biol1020/08,481.1-519.0,"The federal advisory panel is cautious in adding new conditions because tests must minimize false positives, target a well-understood and effectively treatable condition while providing reproductive information for parents. Introducing new conditions can create an area of uncertainity and lack of clarity for both doctors and parents.",cause_effect
Why do some genetic disorders present in children?,bio-3/Biol1020/08,319.5-327.8 | 1015.5-1032.2 | 2142.8-2149.1,"Some genetic disorders can be recessive, meaning it is inherited through two copies of the mutant allele that is affected. It is possible for parents to carry one mutant allele and one normal allele masking the disorder. If a child inherits the mutant allele from both parents the disorder is then expressed.",mechanism
Explain proteins in genetic disorders?,bio-3/Biol1020/08,651.8-653.7 | 282.8-284.7 | 2003.4-2007.0,"Genes typically code for proteins that carry out essential biological functions. When a mutation affects a protein the expected function changes, possibly leading to loss of critical or abnoraml function resulting in disease or a genetic disorder.",function
So what is social psychology actually about?,psy-1/LectureSeriesForIntrotoPsy-PSY101/6,59.2-61.3 | 77.3-80.7,"Social psychology is the study of how individuals think, act, and react in relation to others and social situations.",definition
How is sociology different from what we're talking about here?,psy-1/LectureSeriesForIntrotoPsy-PSY101/6,59.2-61.3 | 67.9-74.5 | 77.3-80.7,Sociology is the process of examnining society as a whole and how people behave collectively within it. Social Psychology is the study of how individuals interact in relation to others and social situations",definition
What does it mean when people say culture?,psy-1/LectureSeriesForIntrotoPsy-PSY101/6,115.7-118.3 | 120.3-123.6 | 160.1-170.4,"Culture is a pattern of life that is passed from one generation to another through learned experiences.",definition
Why do these “roles” matter for how people act? Give me an example.,psy-1/LectureSeriesForIntrotoPsy-PSY101/6,194.2-200.3 | 233.6-244.0 | 268.7-282.2,"Social roles can shape the behavior of individuals by creating expected patterns of actions based on a person's social position. An example would be the role of "student" which is assigned to you once you enroll in a class",mechanism
Explain how situations can change behavior?,psy-1/LectureSeriesForIntrotoPsy-PSY101/6,1064.0-1068.2 | 1070.8-1074.8 | 1089.5-1118.8,"Situational demands can influence behavior by creating pressure to act in specific ways that fit into the social setting and expectations of the situation.",mechanism
Why do humans always compare themselves to others?,psy-1/LectureSeriesForIntrotoPsy-PSY101/6,945.3-951.8 | 1021.4-1031.2,"Social comparison is an innate trait that helps humans evaluate themselves by comparing their traits and behaviors to others, helping them understand where they fit within society.",mechanism
Remind me of the different roles again.,psy-1/LectureSeriesForIntrotoPsy-PSY101/6, 194.2-200.3 | 209.5-211.3| 233.6-244.0 ,"The two main types of social roles are ascribed roles and achieved roles. Ascribed roles are involuntarily assigned to an individual whereas achieved roles are ones that are voluntarily accepted by an individual.",classification
What are the three thinking types they mentioned?,psy-1/LectureSeriesForIntrotoPsy-PSY101/6,910.8-916.9,"The three types of social cognition discussed are social comparison, attribution, and attitudes.",classification
Why does having multiple roles sometimes stress people out?,psy-1/LectureSeriesForIntrotoPsy-PSY101/6,386.5-389.9,Role conflict can create significant stress when expectations from different roles clash and cause friction.,cause_effect
How does groupthink mess with people's thinking?,psy-1/LectureSeriesForIntrotoPsy-PSY101/6,2758.0-2763.6,Groupthink reduces critical thinking because individuals prioritize agreement with the group over independent analysis.,cause_effect
What does social influence actually do to people?,psy-1/LectureSeriesForIntrotoPsy-PSY101/6,1273.0-1276.5,Social influence functions to change or shape another person’s behavior through presence or actions.,function
How do we decide why someone did something like what's the process?,psy-1/LectureSeriesForIntrotoPsy-PSY101/6,1049.5-1055.6 | 1060.0-1063.6,"Attribution theory explains behavior by analyzing whether actions are caused by internal factors within a person or external situational factors",process
So big picture what is this lecture mainly trying to cover?,psy-1/LectureSeriesForIntrotoPsy-PSY101/6,17.3-20.7 | 59.2-60.1,"The lecture focuses on social psychology, especially social thinking and influencing, including roles, groups, and social behavior.",summary
For the test which part of the experiments should we actually pay attention to?,psy-1/LectureSeriesForIntrotoPsy-PSY101/6,41.3-48.3,Students should focus on understanding the outcomes or results of the experiments rather than detailed procedures or researchers.,logistics
Which experiment really shows how powerful roles can be?,psy-1/LectureSeriesForIntrotoPsy-PSY101/6,434.0-440.7 | 536.4-540.5,The Stanford Prison Experiment demonstrates how quickly people adopt and are influenced by assigned roles such as guard or prisoner.,course_specific
What is grounding in the context of multimodal learning?,ml-1/MultimodalMachineLearning/02,338.4-346.3 | 373.2-385.2,"Grounding is the task of taking what is described in language and being able to understand what that language refers to in the broader environment. It is similar to the concept of alignment where the goal is to align the meaning of concepts in language with the meaning of concepts in an image or an environment, allowing a model to jointly reason.",definition
Affective computing? What's that?,ml-1/MultimodalMachineLearning/02,683.1-690.2,"Affective computing is building computers with the ability to recognize emotions and human affective states. The most common lens associates this with detecting basic emotions however it has expanded to cover a wide range of human centric behaviors such as moods and feelings",definition
Explain continious emotions and the two dimensions that they mention,ml-1/MultimodalMachineLearning/02,1161.9-1181.1,"Continuous emotions are real-valued dimensions of emotion that range across a continious spectrum rather than discrete categories. The two dimensions are valence and arousal. Valence is a spectrum running from positive to negative. Arousal is a spectrum running from active to passive. Datasets annotate for both of these dimensions using human annotators who adjust the sliding scale while watching a video.",definition
How did the goals and methods of multimodal research evolve through the deep learning era,ml-1/MultimodalMachineLearning/02,15.1-57.7 | 71.4-84.6 | 177.1-211.2,"Multimodal research started in the 1970s from behavioral models to understand human communication interaction and social settings in psychology and philosophy. The McGurk effect was the biggest project from this era demonstrating the importance of both audio and visual information in speech recognition. The computational era emerged in the 1980's and shifted towards building statistical and computational modles to test the behavioral theories developed earlier. The 2000s focused shift to understanding human interactions between humans and between humans and computers. 2010-2015 was the emergence of the deep learning era through breakthroughs in unimodal language models and vision models such as CNN's leading directly to the surge in multimodal research.",summary
Why is evaluation such a big problem for multimodal generation?,ml-1/MultimodalMachineLearning/02,253.0-257.7 | 619.5-623.6 | 2362.9-2407.1,"Evaluation is persistently difficult in multimodal generation tasks for several overlapping reasons. Image and video captioning suffer from the fundamental problem that there is no single correct output — many different descriptions of the same image can all be valid making it hard to judge quality. Similarly across machine learning generation tasks more broadly a lack of good evaluation metrics makes it very hard to make progress. Even the automatic metrics developed to scale evaluation such as BLEU CIDEr and ROUGE do not correspond reliably with human judgments. At a major captioning challenge at CVPR 2015 models from Google and Microsoft achieved scores exceeding human performance on these automatic metrics yet humans rated the actual generated captions as poor revealing that such metrics allow models to overfit to training data statistics rather than capturing genuine caption quality.",cause_effect
How does the alignment problem manifest differently in affective computing compared to multimodal QA?,ml-1/MultimodalMachineLearning/02,1538.0-1571.0 | 3231.6-3262.2,"In affective computing the alignment problem arises because different modalities are not temporally synchronized — if someone says something positive at one moment they might smile a few seconds later and laugh a few seconds after that. This means language visual and acoustic features are not perfectly aligned at the same time level making it difficult to decide what emotion label belongs to a given frame. In multimodal QA the alignment challenge is larger in scope because in addition to temporal alignment across modalities the model must also comprehend a natural language question and localize which specific part of the image or video that question refers to. This extra localization requirement makes alignment an even more central problem in QA than it is in affect recognition and is identified as the main additional challenge that distinguishes QA from media description tasks.",mechanism
Why does language carry more information than other modalities?,ml-1/MultimodalMachineLearning/02,1385.9-1412.0 | 2906.4-2926.7,"Two distinct lines of evidence across different tasks point to language as the dominant contributor in multimodal systems. In multimodal sentiment analysis language clearly carries the bulk of the semantic content — if someone says they loved the food and the service was awesome it is immediately clear from the words alone that the sentiment is strongly positive with language doing most of the heavy lifting while visual and acoustic cues provide additional but secondary information. In visual question answering a parallel finding emerges: purely language-based models that completely ignore the image still perform surprisingly well on many VQA questions and adding the visual modality provides only around a 14 percent accuracy improvement. This pattern across two different tasks suggests that while vision and audio provide complementary signals language tends to be the most informationally rich modality in multimodal settings.",cause_effect
How does content-based video retrieval appear as both a historical motivating force and a continuing active research direction?,ml-1/MultimodalMachineLearning/02,114.4-132.1 | 409.4-425.3 | 578.3-587.5,"Content-based video retrieval connects three different moments in the lecture. Historically the rapid growth of video content on the internet and YouTube in the late 1990s created urgent demand for the ability to find videos based on keywords and descriptions which became a huge motivating factor for both academia and industry to work on this problem. This momentum continued into the deep learning era when Google and YouTube released a large-scale dataset aimed at understanding events in videos both as a classification task and as a retrieval task — given a video someone is searching for the goal is to retrieve the correct one. Multimedia retrieval has since been formalized as one of the seven main categories of active multimodal research covering tasks where tags similar images or language descriptions are used as queries to retrieve a matching image or video.",summary
How do confounding factors bias multimodal models and how does this problem appear similarly in both sentiment analysis and VQA research?,ml-1/MultimodalMachineLearning/02,1774.9-1877.2 | 2906.4-2963.8,"Confounding factors are spurious correlations that a model can exploit to achieve good training and test accuracy but that fail to generalize to new distributions. In multimodal sentiment analysis a concrete example is that multiple speakers in a dataset who happen to wear glasses also happen to express negative sentiment; a model can learn the rule that glasses predict negative sentiment and still perform well on held-out data from the same distribution even though this association is a dataset collection artifact that would fail in the real world. In VQA a parallel phenomenon emerges: because approximately 80 percent of bananas in the training set are yellow a language-only model that ignores the image entirely answers yellow to any banana color question and is correct most of the time. When the same model is tested on a green banana it still predicts yellow demonstrating that it learned a statistical shortcut from the language distribution rather than genuinely reasoning about visual content. In both cases models can achieve strong benchmark numbers while learning non-causal associations.",cause_effect
How is autonomous driving presented as a multimodal learning problem across the lecture?,ml-1/MultimodalMachineLearning/02,462.2-478.4 | 4338.8-4469.5,"Autonomous driving appears in two distinct roles as a multimodal learning problem. First self-driving cars must process multiple sensory inputs simultaneously spanning both visual signals and non-visual signals such as lidar and these multi-sensory inputs are handled by multimodal machine learning methods situating autonomous driving alongside robotics as a key application area that connects RL and multimodal learning. Second a course research project examined multi-agent trajectory forecasting specifically for autonomous driving simulation: the core challenge is that a self-driving vehicle must reason about the possible future trajectories of all surrounding agents including other cars and pedestrians while also understanding the scene layout such as drivable versus non-drivable areas. The model must jointly reason about agent-agent and agent-scene interactions to generate a realistic probability distribution over future trajectories enabling decisions such as stopping when predicting that another agent will cross a path.",summary
What research principles should students use when approaching multimodal learning projects?,ml-1/MultimodalMachineLearning/02,4534.3-4573.2 | 4579.7-4602.2 | 4605.0-4639.9,"Several overlapping principles are recommended. The most important is to focus on the research problems inherent to the data and the domain rather than simply optimizing benchmark numbers; designing solutions grounded in genuine research questions leads to more generalizable models that work across multiple datasets within the same area. When working in areas like affective computing students are encouraged to also look at prior work from psychology since that field inspired the area and may offer useful features and modeling ideas that the machine learning community has overlooked. More broadly students are encouraged to think beyond simple performance metrics and consider dimensions like whether a model is robust to missing or noisy modalities whether adversarial attacks expose weaknesses whether representations carry undesirable social biases related to race or gender and whether the model is interpretable rather than a black box — all areas that performance-focused multimodal learning currently underinvests in.",summary
What are the upcoming course assignments and their deadlines?,ml-1/MultimodalMachineLearning/02,4798.7-4803.1 | 4804.0-4811.8 | 4823.2-4838.2,"The initial list of project preferences is due next Tuesday. Next Thursday is an interactive session designed for finding teammates. The reading assignments begin next week and are due the following Friday. Students that did not attend lecture are told to review the slides and to identify which project datasets and research topics they are interested in",logistics
Does this course cover affective computing where can I find more material?,ml-1/MultimodalMachineLearning/02,956.8-982.2,"This course does not go deeply into affective computing; its focus is on the algorithms of multimodal machine learning more broadly. A separate dedicated course on multimodal affective computing is taught by another instructor usually in the Spring semester though whether it will run the following semester or year is to be determined. Students interested in more depth on affective computing can access slides from previous versions of that course on Piazza.",course_specific
Why are many VQA models biased?,ml-1/MultimodalMachineLearning/02,2906.4-2926.7 | 2929.3-2949.7,"VQA models are biased because they can exploit simple statistical correlations in the training data rather than truly understanding the image. Purely language-based models that ignore the image entirely actually perform well on many questions with the visual modality providing only around a 14 percent accuracy gain. A concrete example is asking a model what color a banana is without showing it the image: the model will typically answer yellow because approximately 80 percent of bananas in the training set are yellow. As a result if the model is tested on a green banana it still predicts yellow showing it is relying on language statistics rather than visual reasoning.",cause_effect
What is the function of the gated attention in the multimodal fusion model?,ml-1/MultimodalMachineLearning/02,2101.0-2116.5,"The gated attention is a binary gate assigned to audio and visual features that takes a value of either 0 or 1. When the model estimates that a modality's features are important for predicting the label at a given time step the gate opens and lets those features pass into the model. When the features are not estimated to be informative the gate closes and blocks them entirely. This allows the model to selectively use only the modalities that are relevant at each moment in a video improving both interpretability and prediction quality.",function
What is piezoelectric current?,dental/Orthodontics/1,125.0-173.1,"Piezoelectric current is an electrical current created when physical pressure is applied to a solid material like bone causing its molecules to shift microscopically and their electrons to move. It is only active while pressure is being applied and stops as soon as force is released. Piezoelectric current matters for normal bone maintenance but is not important for orthodontic tooth movement.",definition
What is hyalinized PDL?,dental/Orthodontics/1,443.5-453.0,"Hyalinized PDL is an area of dead periodontal ligament tissue where all the cells have died. It is not actual bone but resembles bone histologically because the zone is completely devoid of living cells — they are all dying.",definition
What is sterile necrosis in the context of orthodontic force?,dental/Orthodontics/1,425.8-442.3,"Sterile necrosis is tissue death caused by a complete loss of blood supply rather than by infection. It occurs when heavy orthodontic force cuts off blood flow to the PDL causing the tissue to die after a few hours. It is called sterile because no bacteria or virus is involved — only the mechanical pressure of the tooth against the bone eliminates the blood supply.",definition
What happens to PDL blood vessels when light orthodontic force is applied?,dental/Orthodontics/1,236.4-256.1,"Under light force the blood vessels in the PDL are only slightly compressed on the side toward which the force is directed. This mild distortion typically causes no immediate pain.",mechanism
What happens to PDL blood vessels when heavy orthodontic force is applied?,dental/Orthodontics/1,257.7-269.4,"Under heavy force the PDL blood vessels are completely occluded and entirely shut off rather than merely compressed. This causes immediate pain from the crushing pressure on the PDL.",mechanism
How does the tooth move within its socket when prolonged force is applied?,dental/Orthodontics/1,205.9-227.1,"When force is sustained beyond about one second the PDL fluid is pressed out of the PDL space. That fluid had been acting as a shock absorber and its removal leaves a tiny space measured in micrometers that the tooth then shifts into within its socket.",mechanism
What are the three key parameters for thinking about orthodontic biomechanics?,dental/Orthodontics/1,55.8-77.6,"The three parameters are the magnitude of force applied to the tooth, the type of movement or how much of the PDL is loaded depending on whether the tooth is tipping or moving bodily, and the duration of the force. This video series begins with magnitude.",classification
What are the two types of bone resorption in orthodontic tooth movement?,dental/Orthodontics/1,574.2-593.6,"The two types are frontal resorption and undermining resorption. Frontal resorption is slow and steady involving continuous removal of bone from the surface adjacent to the tooth. Undermining resorption involves a delay followed by the tooth jumping forward once the entire adjacent section of bone has been removed from within.",classification
What molecular signals increase in the PDL under sustained light orthodontic force?,dental/Orthodontics/1,278.6-294.9 | 301.7-321.0,"Within minutes of sustained light force prostaglandin and RANKL levels increase in the PDL. Prostaglandin is linked to inflammation and aching pain while RANKL stimulates osteoclasts. Prostaglandin E2 specifically activates both osteoblasts and osteoclasts. Around four hours of sustained force cyclic AMP levels also rise corresponding to the threshold of tooth movement.",cause_effect
Why does aching pain from an orthodontic adjustment appear hours after the appointment rather than immediately?,dental/Orthodontics/1,278.6-288.1,"When sustained light force alters blood flow in the PDL prostaglandin levels gradually increase over several minutes. Because prostaglandin takes time to accumulate the aching inflammatory pain it produces may not be felt until a couple of hours after the force was applied.",cause_effect
What is the function of prostaglandin E2 in orthodontic tooth movement?,dental/Orthodontics/1,301.7-314.9,"Prostaglandin E2 stimulates both osteoblasts and osteoclasts. Because it activates both the bone-building and bone-resorbing cell types simultaneously it is a critical driver of how light force produces orthodontic tooth movement.",function
How do undifferentiated mesenchymal cells in the PDL differentiate during orthodontic force application?,dental/Orthodontics/1,342.1-358.2 | 399.6-410.2,"Mesenchymal cells in the PDL are dormant until sustained pressure causes prostaglandin and cyclic AMP to accumulate. Once those signals are present the cells are directed to differentiate into osteoclasts and osteoblasts. The first wave comes from the local PDL area and a second larger wave is recruited from the blood supply.",process
What is the overall difference between frontal resorption and undermining resorption?,dental/Orthodontics/1,574.2-593.6 | 607.0-623.9,"Frontal resorption occurs with light force and involves steady continuous bone removal from the surface adjacent to the tooth. Undermining resorption occurs with heavy force and involves a delay before the tooth jumps forward once the entire adjacent bone section is resorbed from within. Frontal resorption is clinically preferred but heavy force is acceptable as long as the force decays to zero after resorption ends so the PDL can repair before a new wire is placed.",summary
How often should patients be seen for orthodontic wire changes and why?,dental/Orthodontics/1,520.4-537.8,"Patients are typically seen every four to six weeks. Resorption takes approximately two weeks and the PDL then needs another two weeks to repair before a new wire can be placed so there is no benefit to bringing the patient back sooner.",logistics
What does this course cover and what is the focus of this first lecture?,dental/Orthodontics/1,1.7-77.6 | 625.3-630.4,"This is the first in a short series of lectures on orthodontic tooth movement. The series covers biomechanics — how the tooth reacts biologically to force — and mechanics — how brackets wires and other appliances apply forces to teeth. This first video focuses on force magnitude specifically the distinction between light and heavy force. Future videos will continue with other biomechanics topics.",course_specific
What happens biologically from the moment light force is applied until frontal resorption begins?,Orthodontics/1,205.9-227.1 | 270.8-294.9 | 315.7-335.3 | 359.4-390.5,"When light force is sustained past one second the PDL fluid is pressed out and the tooth shifts micrometers within its socket. Within several minutes blood flow changes trigger increases in prostaglandin and RANKL which stimulate osteoclasts. Around four hours cyclic AMP levels rise to the threshold needed for cell differentiation. By approximately two days osteoclasts and osteoblasts are active together and begin frontal resorption steadily removing bone from the lamina dura adjacent to the tooth.",summary
What determines whether osteoclasts are recruited from the PDL or from bone marrow?,Orthodontics/1,399.6-410.2 | 443.5-453.0 | 468.2-495.9,"Under light force the PDL stays alive and osteoclasts come in two waves — first from the local PDL area and then a larger wave from the blood supply. Under heavy force the PDL undergoes sterile necrosis and all the cells die leaving hyalinized acellular tissue. Because the local PDL source is dead osteoclasts must instead be recruited from the bone marrow within the surrounding bone which takes longer and introduces the delay seen with undermining resorption.",cause_effect
What is the difference between how the PDL behaves during normal function such as chewing versus during orthodontic tooth movement?,Orthodontics/1,93.6-173.1 | 188.2-227.1,"During brief forces lasting less than one second like chewing or talking the PDL fluid stays inside the PDL space the bone bends slightly and piezoelectric current is created. As soon as the force stops everything returns to baseline. This type of loading maintains bone density but does not move teeth. When force is sustained beyond one second the PDL fluid is pressed out leaving a tiny space that the tooth shifts into which is what begins orthodontic tooth movement.",mechanism
What happens step by step when heavy orthodontic force is applied until the tooth finally moves?,Orthodontics/1,257.7-269.4 | 425.8-453.0 | 456.6-507.2,"Heavy force immediately and completely occludes the PDL blood vessels causing crushing pain. After a few hours without blood supply the PDL tissue undergoes sterile necrosis and all cells die leaving hyalinized PDL. There is then a lag of three to five days because osteoclasts cannot come from the dead PDL and must instead be recruited from the bone marrow within the surrounding bone. Once those cells are active — typically one to two weeks after force application — they remove bone from within until the entire lamina dura width is resorbed and the tooth jumps forward.",process
How do frontal and undermining resorption differ in their pattern and speed of tooth movement?,Orthodontics/1,359.4-390.5 | 456.6-507.2 | 574.2-593.6,"Frontal resorption associated with light force begins around two days after application with osteoclasts steadily eating away at the bone surface producing slow continuous tooth movement. Undermining resorption associated with heavy force has a lag of three to five days and can take one to two weeks before the entire adjacent bone section is resorbed at which point the tooth jumps forward in a single step rather than moving gradually.",classification
How does PDL repair time influence both patient recall scheduling and how long retainers must be worn?,Orthodontics/1,425.8-442.3 | 508.8-519.2 | 540.9-568.1,"Heavy force causes PDL necrosis and the PDL takes at least two weeks to repair after that. Combined with the two weeks of resorption patients should not return for a new wire for four to six weeks. After braces are removed the PDL collagen fibers need three to four months to fully reorganize and gingival fibers take close to a year meaning retainers must be worn long enough to allow all the tissue to stabilize and prevent the teeth from shifting back.",cause_effect
Why is heavy orthodontic force considered clinically acceptable despite causing PDL necrosis?,Orthodontics/1,425.8-442.3 | 508.8-519.2 | 607.0-623.9,"Heavy force kills PDL tissue through sterile necrosis but the PDL is capable of full repair in about two weeks once the force is removed. Heavy force is acceptable as long as the force decays to zero by the time undermining resorption ends giving the PDL time to recover before a new wire is placed. The key is that reactivation is timed correctly so the PDL is not damaged again before it has had adequate time to heal.",cause_effect
How does pain differ between light and heavy force at different points in time?,Orthodontics/1,253.7-269.4 | 278.6-288.1 | 425.8-442.3,"At the moment of application light force causes no immediate pain because vessels are only slightly compressed while heavy force causes immediate crushing pain from complete vascular occlusion. Hours after light force is applied a delayed aching pain develops as prostaglandin levels gradually rise in the PDL. Under heavy force after several hours without blood supply the PDL tissue begins to die as sterile necrosis sets in adding a different dimension to the tissue damage.",classification
Why does heavy force result in a longer delay before resorption begins compared to light force?,Orthodontics/1,359.4-390.5 | 456.6-495.9,"With light force the PDL remains viable and osteoclasts are recruited directly from the local PDL and blood supply meaning frontal resorption begins in about two days. With heavy force the PDL is killed by sterile necrosis so osteoclasts cannot come from that source. They must instead be recruited from the bone marrow within the surrounding bone which is further away and takes longer to activate resulting in a lag of three to five days before undermining resorption can begin.",cause_effect
How does force magnitude connect molecular-level events to clinical decisions across the entire lecture?,Orthodontics/1,236.4-269.4 | 359.4-390.5 | 520.4-537.8 | 607.0-623.9,"Force magnitude immediately determines whether PDL blood vessels are slightly compressed (light) or fully occluded (heavy). Light force preserves the PDL and leads to frontal resorption beginning in about two days driving four to six week patient recall intervals. Heavy force kills the PDL through necrosis and leads to undermining resorption with a longer lag and the tooth jumping forward. Despite this heavy force is clinically acceptable as long as it decays to zero after resorption ends giving the PDL time to repair before the next activation.",summary
When will the next videos about biomechanics be available?,ortho-1/Orthodontics/01,625.2-630.4,"Students should stay tuned for the next videos about biomechanics.",logistics
What is the big picture difference between endocytosis and exocytosis?,anat-1/AnatomyPhysiology/01,647.5-1178.8 | 1186.9-1194.6 | 1287.1-1334.5,"Endocytosis brings material into the cell by forming vesicles from the plasma membrane, while exocytosis releases material out of the cell when a vesicle fuses with the plasma membrane and opens a pore to the outside.",summary
What are the main types of conditioning discussed in this lecture?,psy-1/LectureSeriesForIntrotoPsy-PSY101/1,232.2-252.9 | 261.1-283.6 | 284.7-310.1 | 1436.0-1449.7,"The main types of conditioning discussed are classical conditioning and operant conditioning. Classical conditioning focuses on events that happen before automatic or reflexive responses, while operant conditioning focuses on behavior shaped by consequences.",classification
What are the steps involved in receptor-mediated endocytosis?,anat-1/AnatomyPhysiology/01,1086.5-1107.9,"In receptor-mediated endocytosis, specific molecules first bind to receptors on the cell membrane. The membrane then forms a vesicle that brings those selected molecules into the cell.",process
What is the function of positional embeddings in Transformers?,ml-1/MultimodalMachineLearning/10,1584.4-1615.2 | 1637.5-1658.3 | 1812.5-1841.1,"The function of positional embeddings is to add word-order information to Transformer inputs. Without positional information, self-attention can lose sequence order and behave more like a bag of words.",function
How are dominant and recessive alleles different?,bio-3/Biol1020/08,319.5-327.8 | 1660.7-1666.7 | 1725.9-1734.3,"Dominant alleles can affect the expressed trait when present, while recessive alleles usually require two copies for the trait or disorder to appear. In recessive inheritance, a child must inherit the affected allele from both parents for the disorder to be expressed.",classification